Prénom,Email,Nom,"Date de naissance",Nom;Prénom;E-mail,Langue,MEMBER_RATING,OPTIN_TIME,OPTIN_IP,CONFIRM_TIME,CONFIRM_IP,GMTOFF,DSTOFF,TIMEZONE,CC,REGION,CLEAN_TIME,CLEAN_CAMPAIGN_TITLE,CLEAN_CAMPAIGN_ID,LEID,EUID,NOTES,TAGS
"ose Ruiz Mdriz",maria.ruizmadriz85@gmail.com,Maria,1985-10-30,,Anglais,1,"2024-07-21 07:22:52",201.206.191.254,"2024-07-21 06:13:42",201.206.191.254,'-6,'-6,America/Costa_Rica,CR,P,"2025-08-07 12:17:53","Newsletter - AUGUST 2025",5546104d58,572139114,75427d4889,,"""English version"",""Newsletter EN"""
,sm.momeni1989@gmail.com,,,,,1,"2020-10-01 18:37:23",,"2020-10-01 18:37:23",,1,2,europe/paris,fr,idf,"2025-11-13 19:30:34","École Internationale de Danse Soufie — 3ᵉ édition",548346939f,230233714,8eb4cb7d21,,"""Member"""
,jerome.b@zul2222.eu,Jérôme,,,,1,"2021-02-11 00:32:36",92.184.112.227,"2021-02-11 00:29:50",92.184.112.227,1,2,europe/paris,fr,ges,"2025-10-02 15:15:12","Newsletter - Octobre 2025",9d141f3d96,233871505,6d0c78c1a2,,
SAFIA,safia.camuss@gmail.com,Camusso,,,Français,1,"2025-12-18 17:21:38",102.18.48.133,"2025-12-18 17:21:38",,,,,,,"2025-12-21 10:00:00","Le passage de l’hiver – La nuit de Yalda ✨",071f9f3714,572517207,0c28b41e9f,,"""Nouveau Membre 2025"""
Valery,duboucheron.valery@hotmail.gr,Duboucheron,,,Français,1,"2025-12-18 17:21:38",102.18.48.133,"2025-12-18 17:21:38",,,,,,,"2025-12-21 09:59:59","Le passage de l’hiver – La nuit de Yalda ✨",071f9f3714,572517202,0090ffc227,,"""Nouveau Membre 2025"""
,raphael@gmail.com,Raphael,,,"Français, Anglais",1,"2025-10-20 09:23:17",88.223.93.207,"2025-10-20 09:23:17",,,,,,,"2025-10-20 09:24:44","Welcome email",3f85770021,572481253,fcbdafd29f,,
"Juanita Ramey",jramey@celestialdmt.com,,,,,1,"2025-05-14 22:38:10",24.99.78.184,"2025-05-14 21:03:30",2603:3001:112a:,'-5,'-4,america/new_york,us,ga,"2025-07-29 20:13:00","Konya avec Rana Gorgani",5751e3ae77,572420710,27fa3664b6,,
